UserID,UserName,Email,Phone,Nationality
yheo84,salad,jbutt@gmail.com,010-6121-8927,Korea
v___o,yeri,josephine_darakjy@darakjy.org,010-2912-9388,Korea
BBANGYO,yoyobang,art@venere.org,010-6436-8749,Korea
Jjpocket01,isitme,lpaprocki@hotmail.com,010-3865-4412,Korea
kjd0118,cain,donette.foller@cox.net,513-570-1893,Canada
GetZilla,GetZilla,simona@morasca.com,419-503-2484,Thailand
ZipThunder,l2Mai,mitsue_tollner@yahoo.com,773-573-6914,Thailand
0605jang,Feather,leota@hotmail.com,010-7542-3500,Korea
NotRealRain,Eyad,sage_wieser@cox.net,010-4014-2147,Korea
Nacho_,Nacho,kris@gmail.com,010-6555-8723,Korea
St4ck,St4ck,minna_amigon@yahoo.com,010-8744-1229,Korea
RenaUSA,RENA,amaclead@gmail.com,631-335-3414,Mexico
Nivq,N!vq,kiley.caldarera@aol.com,310-498-5651,Denmark
Heramant,Heramant,gruta@cox.net,440-780-8425,Russia
K-miK_10101,K-miK,calbares@gmail.com,956-537-6195,Spain
fougerebzh,Fougere,mattie@aol.com,602-277-4385,France
mesh4889,mesh,meaghan@hotmail.com,931-313-9635,Australia
strykery,StrikeR,gladys.rim@rim.org,414-661-9598,England
BirkinBH,Birkin=BH=,yuki_whobrey@aol.com,313-288-7937,Poland
_Shino,Shino,fletcher.flosi@yahoo.com,815-828-2147,United States
DoomedAnd,4yBaK*,bette_nicka@cox.net,610-545-3615,Russia
3lfx,elf,vinouye@aol.com,408-540-1785,Japan
para,DeportHaoles,willard@hotmail.com,972-303-9197,United States
orionc,Inveigh,mroyster@royster.com,518-966-7987,United States
The_Funya,Funyarinpa,alisha@slusarski.com,732-658-3154,United States
epicatwas,Epicat,allene_iturbide@cox.net,715-662-6764,Italy
CPONTO,C.,chanel.caudy@caudy.org,913-388-2079,Brazil
THEBEST28,THEBEST,ezekiel@chui.com,410-669-1642,Portugal
neuronio,NEURNIO!,wkusko@yahoo.com,212-582-4976,Brazil
alexander,alexander,bfigeroa@aol.com,010-3306-3951,Korea
